{
    "data" : {

        "commonImagePath" : "assets/images/",
        
        "feedBack" : {
            "correctFeedback" : "HR_Induction_Mod-02_Objective6_01_correct.png",
            "incorrectFeedback" : "HR_Induction_Mod-02_Objective6_01_incorrect.png"
        },

        "dragData" : [
            {
                "id" : 1,
                "category" : "non-permissible",
                "bgImage" : "HR_Induction_Mod-02_Objective6_01_Dragger_01.png"
            },
            {
                "id" : 2,
                "category" : "non-permissible",
                "bgImage" : "HR_Induction_Mod-02_Objective6_01_Dragger_02.png"
            },
            {
                "id" : 3,
                "category" : "permissible",
                "bgImage" : "HR_Induction_Mod-02_Objective6_01_Dragger_03.png"
            },
            {
                "id" : 4,
                "category" : "permissible",
                "bgImage" : "HR_Induction_Mod-02_Objective6_01_Dragger_04.png"
            },
            {
                "id" : 5,
                "category" : "non-permissible",
                "bgImage" : "HR_Induction_Mod-02_Objective6_01_Dragger_05.png"
            },
            {
                "id" : 6,
                "category" : "non-permissible",
                "bgImage" : "HR_Induction_Mod-02_Objective6_01_Dragger_06.png"
            },
            {
                "id" : 7,
                "category" : "permissible",
                "bgImage" : "HR_Induction_Mod-02_Objective6_01_Dragger_07.png"
            },
            {
                "id" : 8,
                "category" : "permissible",
                "bgImage" : "HR_Induction_Mod-02_Objective6_01_Dragger_08.png"
            }
        ],

        "dropData" : [
            {
                "id" : 1,
                "type" : "permissible",
                "image" : "HR_Induction_Mod-02_Objective6_01_Drop_01.png"
            },
            {
                "id" : 2,
                "type" : "non-permissible",
                "image" : "HR_Induction_Mod-02_Objective6_01_Drop_02.png"
            }
        ]
    }
}